asin,star_rating,title,review_text
B0CJNQBKX9,5.0 de 5 estrellas,EXCELENTE NITIDEZ Y CALIDAD DE IMAGEN,"Me fascino por la versatilidad de sus contrastes, la verdad no hab√≠a trabajado con la marca pero se me hace muy funcional, de buena calidad y excelente relaci√≥n precio - beneficio. muy recomendable volver√≠a a comprar sin dudas."
B0CJNQBKX9,5.0 de 5 estrellas,Excelente producto,"Excelente calidad de imagenMe gust√≥ mucho la marca, la verdad no hab√≠a trabajado con la marca, y se me hace funcional, de buana calidad y nitidez, yo se las recomiendo.Muy buena para el uso cotidiano."
B0C47PZ6HR,4.0 de 5 estrellas,Lleg√≥ sin base,La pantalla lleg√≥ sin el soporte para mesa
B0C47PZ6HR,4.0 de 5 estrellas,BUENA,"Todo muy bien, en su publicacion aparecen unos audifonos que no llegaron, fuera de eso, muy bien"
B0C47PZ6HR,5.0 de 5 estrellas,Bien producto,"Buen producto pero no viene los aud√≠fonos la verda la compr√© por eso, eso fue lo que me hizo escoger la Tv"
B0C47PZ6HR,5.0 de 5 estrellas,Funcionando excelente,"Llego todo en orden, con patas y control.  Funcionando correctamente y la calidad de imagen es muy buena"
B0C47PZ6HR,5.0 de 5 estrellas,Excelente,Super√≥ mis expectativas
B0C47PZ6HR,4.0 de 5 estrellas,Muy buena,Lo √∫nico que le recomiendo es que no llego con su empaque original me lleg√≥ como una Samsung de 65 pulgadas y ya la iba a regresar sin abrir  no trae manual ni garant√≠a el control remoto estaba suelto en fin afortunadamente si era la pantalla y funcion√≥ a la perfecci√≥n
B0C47PZ6HR,3.0 de 5 estrellas,Control ven√≠a sin funcionamiento,"Buen d√≠a recib√≠ mi producto la tele funciona al 100 pero el control no funciona, ya lo intentamos con m√°s bater√≠as"
B0C47PZ6HR,5.0 de 5 estrellas,excelente imagen y sonido,"muy buen producto, justo lo que busc√°bamos para un aula de clases"
B0C47PZ6HR,2.0 de 5 estrellas,Es una pena que las patas no correspondieran a la pantalla.,"No puedo opinar del funcionamiento to porque la devolv√≠, ya que las patas de la pantalla no correspond√≠an al equipo y la devolv√≠ de inmediato.No hay imagen por la devoluci√≥n."
B0C47PZ6HR,1.0 de 5 estrellas,Amazon vende esto???,"Esto es una pantalla 50 reacondicionada y con garant√≠a! Viene sin control remoto y sin tornillos de las patitas, ni la probe!!! Si as√≠ es la presentaci√≥n me imagino el control de calidad!Lista para que la recojan!!"
B0C47PZ6HR,5.0 de 5 estrellas,Bien para el precio,Funciona perfecto
B0C47PZ6HR,1.0 de 5 estrellas,Muy mala experiencia,"No lo compren a√∫n que diga que viene garantizado no es cierto, la ped√≠ y lleg√≥ destapada de la parte de abajo de la pantalla y no funcionaba, el display se ve√≠a Azul y solo se escuchaba, muy mala experiencia"
B0C47PZ6HR,1.0 de 5 estrellas,Producto defectuoso,"Me llego y apenas conectado empez√≥ a fallar, se trababa y se apagaba. No recomiendo para nada gastar su dinero en esto."
B0C47PZ6HR,1.0 de 5 estrellas,Producto defectuoso,Producto llega da√±adoEl display da√±ado Z
B0C47PZ6HR,1.0 de 5 estrellas,"S√∫per mal, la tv no funciono",No funciono
B0C47PZ6HR,1.0 de 5 estrellas,"Me llego el producto sin base, no se puede usar",El producto llego sin base
B0C47PZ6HR,5.0 de 5 estrellas,Excelente,"El art√≠culo lleg√≥ bien empaquetado con control, sin garant√≠a pero funciona perfecta"
B0C47PZ6HR,5.0 de 5 estrellas,Llego a tiempo,Buena compra
B0C47PZ6HR,5.0 de 5 estrellas,Se ve s√∫per bien,La tv ven√≠a bien envalada su calidad de colores me sorprendi√≥ y est√° s√∫per bien
B08TVSM195,5.0 de 5 estrellas,Bien cuidado,Me gusto mucho
B08TVSM195,4.0 de 5 estrellas,Satisfecho. Sellada y el n Perfecto estado,"Me convenc√≠ por esta tele por 2 motivos; principalmente por la relaci√≥n calidad-precio y porque los reviews eran muy buenos.A m√≠ me toc√≥ la tele sellada, con pl√°sticos y sin ning√∫n mal detalle. El tama√±o muy bien, ya hab√≠a usado Roku y sab√≠a que pod√≠a ofrecer m√°s aplicaciones que una smart y muy bien.La √∫nica cr√≠tica rigurosa que tengo es que la calidad de imagen para videojuegos est√° ok s√≠ hace algunos ajustes manuales, pero no es lo m√°s criticable, para ver Netflix, etc l calidad es mejor, bastante buena por el precio.Le doy 4 estrellas por que creo que la resoluci√≥n de videojuegos puede ser mejor o m√°s pr√°ctica y porque me falta darle tiempo de uso.  Si est√° bien en unos a√±os es un producto 5 estrellas."
B08TVSM195,4.0 de 5 estrellas,Excelente tele relaci√≥n Calidad Precio,"Es una buena tele, por el precio que tiene y las prestaciones que ofrece, vale la pena. Lleg√≥ bien, sin desperfecto, adem√°s cuenta con Roku TV que es excelente. Su construcci√≥n es est√°ndar pero los materiales son buenos y resistentes. No estoy del todo seguro que sea 4k pero es una imagen decente para ver contenido en las plataformas de streaming"
B08TVSM195,4.0 de 5 estrellas,Tv como nueva pero un detalle,"Es una tv que cumple en todo si no eres muy exigente, buen sonido, buena calidad de imagen y el sistema operativo muy responsivo y con la facilidad de conectarlo con tu celular para manejar la tv desde el celular, viene con un control simple pero r√°pido. Sin embargo llam√≥ la atenci√≥n que faltaron piezas los soportes o base para poner de pie la Tv, me toc√≥ comprar unos que se pueden acoplar a la parte de atr√°s de la Tv."
B08TVSM195,5.0 de 5 estrellas,Muy buena,"La tele supongo por ser renewed, tiene una abolladura en la parte trasera que no interfiere mucho en su funcionamiento, el sonido es decente pero no muy bueno, la imagen en general es muy buena. Uno de los problemas es que cuando la enciendes, no detecta el WIFI y lo tienes que introducir como detecci√≥n de red, no me parece el gran problema pero si es detalle a tomar en cuenta. Le doy 5 estrellas porque la tom√© a un gran precio y con el mejor software para mi que es ROKU."
B08TVSM195,5.0 de 5 estrellas,Muy buen precio,"El precio, calidad de imagen"
B08TVSM195,5.0 de 5 estrellas,Buena pantalla,"Pantalla buena, bonita y barata"
B08TVSM195,5.0 de 5 estrellas,Todo bien hasta ahora,"Eleg√≠ la de 43 pulgadas la cual S√ç es 4k (algunas personas dec√≠an que no era 4k pero era otro modelo de 40 o 42 pulgadas), roku es el mejor sistema para manejar una smart tv (ya lo conect√© hasta con mi alexa)El embalaje ven√≠a bien, a lo esperado al ser renewed, en $1,200 menos que comprarla nueva en walmart.Aun no prueba m√°s la TV, espero hacerlo el fin de semana y les comento una vez que conecte el xbox y vea alguna serie... de momento todo ok!"
B08TVSM195,5.0 de 5 estrellas,Excelente Smart tv,El precio que tiene y las prestaciones que da me qued√© üëÅÔ∏èüëÑüëÅÔ∏èExcelente calidad de imagen 4kSonido espectacularY las aplicaciones s√∫per f√°cil las cargaEl precio que tiene y las pulgadas que da es de las mejores tv que hayEs onn una su marca de roku y para wifi excelente 2.4g y 5g
B08TVSM195,5.0 de 5 estrellas,Televisi√≥n Onn,"Tiene una excelente imagen, (con Roku) y aunado a una relaci√≥n valor/precio que hacen de este televisor sea el mejor de las opciones"
B08TVSM195,1.0 de 5 estrellas,Vino con 3 rayas en la televisi√≥n,"No me gust√≥, porque desde que lleg√≥ se prob√≥ la tele y tienes 3 rayas que le salen a la pantalla, as√≠ que ese mismo le di para devolver el producto, la caja estaba toda maltratada y aparte el personal de la mensajer√≠a, la estaba bajando con el menor cuidando, golpe√°ndola y jalandola muy feo, aparte que est√° furioso el mensajeroAs√≠ que no le puedo decir m√°s que cosas negativas de esta compra de televisi√≥n que lleg√≥ en mal estado desde el primer d√≠a."
B08TVSM195,5.0 de 5 estrellas,Excelente producto üëå,La verdad muy buen producto barato y funciona a la perfecci√≥n a m√≠ me toc√≥ la suerte de que lleg√≥ pr√°cticamente nueva ni una rayada ybennsu caja original todo perfecto
B08TVSM195,5.0 de 5 estrellas,"BBB, Para el costo va de maravilla la pantalla.","Excelente compra, detecta en autom√°tico el HDR de los archivos y cambia en el men√∫ de imagen seg√∫n el archivo que reproduzcan. Si eres exigente en Gherz est√° pantalla no es para ti, deber√°s invertir el doble de dinero."
B08TVSM195,5.0 de 5 estrellas,"Excelente, las funciones tal cual como se describen","Ya lo instal√© y conect√©, tengo una semana con el producto, funciona perfecto hasta ahora, viene con roku integrado. Excelente"
B08TVSM195,1.0 de 5 estrellas,"P√©simo estado, no funciona.",Lleg√≥ estrellada de la pantalla y la tuve que devolver
B08TVSM195,5.0 de 5 estrellas,Excelente producto,"Televisi√≥n muy buena y a buen precio, es excelente la calidad precio y el uso de rocku"
B08TVSM195,5.0 de 5 estrellas,Excelente producto,Muy buena imagen y sonido
B08TVSM195,5.0 de 5 estrellas,bien,"muy completo el software, trae hasta disney +"
B08TVSM195,5.0 de 5 estrellas,Calidad de la imagen,La calidad de la imagen es muy buena
B08TVSM195,5.0 de 5 estrellas,Muy buena compra,"Tama√±o adecuado, y calidad por un buen precio."
B08TVSM195,5.0 de 5 estrellas,Muy buena,Muy buena.
B08TVSM195,5.0 de 5 estrellas,buen producto,buen producto cumple con lo ofrecido
B08TVSM195,5.0 de 5 estrellas,Buena compra,Todo funciona perfecto
B08TVSM195,5.0 de 5 estrellas,Excelente oferta,"Excelente compra, no me arrepiento"
B08TVSM195,5.0 de 5 estrellas,Muy buena TV,"Excelente, est√° como nueva!"
B08TVSM195,5.0 de 5 estrellas,Excelente relacion calidad precio,todo funciona en orden
B08TVSM195,1.0 de 5 estrellas,No funciona me llego si que se vea la pantalla y en una caja X no en la original,No funciona
B08TVSM195,5.0 de 5 estrellas,Imagen incre√≠ble,"La imagen de esta pantalla est√° muy bien plasmada, por el precio la verdad no le pide nada a otras marcas, el sonido tambi√©n es bueno, para jugar o ver pel√≠culas est√° exelente"
B08TVSM195,5.0 de 5 estrellas,EXCELENTE SMART  TV.!,"No se puede pedir nada mejor por el Precio y calidad de imagenLLega con su empaque original , se nota que anteriormente fue abierto (obviamente )pero fue reempaquetado y llego sin ning√∫n rasgu√±o, viene con sus patitas,control nuevo Roku (television roku) no se necesita ningun otro control, no trae instructivo (nada relevante)..Excelente calidad de video, el sonido se puede mejorar con bocinas exteriores, simplemente con una antena digital buena ves mas canales HD que con cable.Quede muy satisfecho."
B08TVSM195,5.0 de 5 estrellas,Excelente,"Exactamente como se describe, calidad de imagen perfecta."
B08TVSM195,5.0 de 5 estrellas,Excelente,Igual saludos
B09WTPYGFF,5.0 de 5 estrellas,Calidad precio,"S√≠ pedir√≠a otra por el precio, mi caja lleg√≥ √∫nicamente la de la empresa ya as√≠ como se ve, no tra√≠a otra de Amazon. La calidad de imagen es est√°ndar, no resalta mucho pero tiene todas las funciones del momento y hasta comprar otras apps que no haya se puede en la misma pantallaEl sonido s√≠ es bueno, no se escucha nada mal pero igual se puede mejorar con alguna barra de sonidoMuy probablemente pedir√≠a otra m√°s chica para mi habitaci√≥n"
B09WTPYGFF,5.0 de 5 estrellas,Muy buena pantalla.,"Excelente producto, √≥ptimo para cubrir nuestras necesidades, aunque en realidad mide 38 pulgadas y no 43, adem√°s la usuaria que la devolvi√≥ olvid√≥ borrar su cuenta y restaurarla de f√°brica, pero fue pecata minuta porque lo hicimos sin ning√∫n problema y la televisi√≥n funciona perfectamente."
B09WTPYGFF,5.0 de 5 estrellas,Buena calidad-precio,"Es una excelente pantalla, el sonido es muy bueno, con 10 de volumen ya es muy fuerte, la calidad de imagen es excelente, al principio configurar es un poco tardado pero f√°cil de usar, tiene muchas apps de streaming que casi todos tenemos.La recomiendo mucho.La encontr√© en 9k si la ves m√°s barata no lo dudes"
B09WTPYGFF,5.0 de 5 estrellas,"Buena tele, mala descripci√≥n de producto","Me encanta la tele, muy buena en todos los sentidos, solo que en la descripci√≥n del producto deber√≠an mejorar un poco m√°s la organizaci√≥n, al comprarla y por las prisas de que estaba en descuento por poco tiempo, no logr√© encontrar su Frecuencia de actualizaci√≥n, debido a que era una situaci√≥n de ahora o nunca, la compr√© con esperanzas de que fuera m√°s, lamentablemente se qued√≥ en 60hz, lo cual limit√≥ completamente lo que yo buscaba y quer√≠a. De haber sabido mejor hubiera comprado la U7H. Pero es mi culpa por no leer bien y comprar de forma impulsiva."
B09WTPYGFF,5.0 de 5 estrellas,Llego antes y en excelentes condiciones,"Una pantalla que tuvo un precio bastante bueno en relaci√≥n costo beneficio , lleg√≥ bien y r√°pido"
B09WTPYGFF,5.0 de 5 estrellas,Excelente,"Antes de comprar ten√≠a mis dudas por ser una marca china pero la verdad me ha sorprendido la calidad de imagen y todas las funciones, Smart, Dolby visi√≥n y si alcanza la definici√≥n de 4K. Control por voz, HDR, Google TV.Si el Apple TV se da√±ara no lo extra√±ar√≠a con esta TV, garant√≠a de 2 a√±os con la marca por el tama√±o y compr√© una garant√≠a extendida a un muy buen precio con Amazon. En lo personal muy satisfecho."
B09WTPYGFF,5.0 de 5 estrellas,Excelente relaci√≥n calidad/precio,"Por el precio actual $5,000 y m√°s barata que en algunas tiendas de autoservicio. La pantalla cumple, tiene buena calidad de pantalla, sonido, y estructura. Ya que es muy delgada que queda muy bien montada en pared. El tener Google TV da una gran ventaja pues es compatible con casi cualquier app de streaming."
B09WTPYGFF,5.0 de 5 estrellas,Super buena compra,"Nos encant√≥, la recomiendo ampliamente"
B09WTPYGFF,5.0 de 5 estrellas,Excelente Smart TV,"La agarre en oferta y la verdad ya ten√≠a tiempo investigando que tv comprar para mi consola y ver streaming, es bastante completa, les recomiendo que compren una que traiga Google(como este art√≠culo) o Roku, porque las Vidaa al parecer fallan."
B09WTPYGFF,5.0 de 5 estrellas,Buena resoluci√≥n y muy buen volumen,Me a gustado mucho est√° compra ya q deja ver las peliculas muy claras
B09WTPYGFF,5.0 de 5 estrellas,Excelente,Se nota el cambio de gama. Los 120hz se notan y la resoluci√≥n es muy buena. La recomiendo para jugar PS5
B09WTPYGFF,5.0 de 5 estrellas,Excelente vision,Recomendado
B09WTPYGFF,5.0 de 5 estrellas,Muy buena TV,"Ya tengo 6 meses con el producto y la verdad que muy bien, incluso compar√°ndola con una LG de 60 plg que compre un par de meses antes, a veces la imagen se ve m√°s realista en esta Hisense. Oj√°la que con el paso del tiempo siga funcionando igual de bien, hasta ahorita totalmente recomendable"
B09WTPYGFF,5.0 de 5 estrellas,magnifica oferta,"desde hace mucho quer√≠amos comprar una tv de 65, y nos llego la oportunidad.  Maravillosa, y a excelente precio.  Ya conocemos la marca Hisense."
B09WTPYGFF,5.0 de 5 estrellas,Excelente,La TV llego en buenas condiciones y funcionando al 100%
B09WTPYGFF,5.0 de 5 estrellas,Buena,"Excelente, se entreg√≥ sin ningun da√±o"
B09WTPYGFF,5.0 de 5 estrellas,Muy bien,La pantalla cumple a la perfecci√≥n los requisitos que yo estaba buscando. La resoluci√≥n est√° muy bien y que funcione con Google tv definitivamente es un plus.
B09WTPYGFF,5.0 de 5 estrellas,Excelente producto precio y calidad,Lleg√≥ antes de lo esperado y en muy buenas condiciones!!
B09WTPYGFF,5.0 de 5 estrellas,Hasta ahora despu√©s de 2 meses de uso todo p√°rese bien,"La compre con un super descuento as√≠ que eso es lo primero m√°s grandioso, despu√©s de casi 2 meses de uso todo bien tiene buena imagen el sonido no es tan alto quiz√°s en un √°rea grande como uns sala no tenga buen sonido, pero ya que yo la use para mi cuarto esta es excelente porwue ah√≠ el sonido es mucho mayor al estar m√°s cerrado no me arrepiento de mi compra, ya que hasta ahora edta marca es la que estoy comprando de smart tv y no me ha desepcionado"
B09WTPYGFF,5.0 de 5 estrellas,Muy buena pantalla,"Yo compr√© esta pantalla casi exclusivamente para ver pel√≠culas por streaming y para conectar y jugar con mi Xbox Series S. Cabe destacar que yo no juego multijugador, solo campa√±as y pantalla dividida local. Sobre el streaming la pantalla es excelente. La resoluci√≥n es excelente, el tama√±o tambi√©n y se conecta a internet en menos de 5 segundos. No he tenido problemas de conexi√≥n y me corre las pel√≠culas sin interrupciones y eso que no tengo buen internet. Sobre el gaming, pongo una foto de las caracter√≠sticas que esta pantalla te da para un Xbox Series S (tengo mi consola en ingl√©s). Los juegos se ven bastantante bien y solo he tenido peque√±os lags en las cinem√°ticas, no durante el juego como tal. Estoy algo sorprendido porque en la caja de la pantalla dice que tiene HDR10, pero el Xbox dice que no lo soporta. Igual no entiendo bien estos conceptos. En general la pantalla cumple para gaming, aunque imagino que si eres muy exigente (yo no lo soy) la pantalla te quedar√° a deber. La entrega lleg√≥ dentro del tiempo estimado y en perfectas condiciones. Como nota al pie, no trae desarmador para instalarle las patas ni armaz√≥n para empotrarla en la pared."
B09WTPYGFF,5.0 de 5 estrellas,Excelente üëå,"Super contenta con mi pantalla, se ve super y el sonido excelente"
B09WTPYGFF,5.0 de 5 estrellas,Definici√≥n,"Vengo de una Samsung QLED, que desgraciadamente le salieron pixeles muertos y se descompuso, Ten√≠a muchas dudas de esta TV pero Es incre√≠ble la definici√≥n y la fluidez con la que corre los videos juegos, a√∫n le falta un poco m√°s de ‚Äúcalidad‚Äù a los videos y pel√≠culas pero por el precio creo que est√° m√°s que excelente, yo que soy una persona ‚Äúexigente‚Äù estoy contento con la pantalla"
B09WTPYGFF,5.0 de 5 estrellas,Excelente calidad/Precio,"Excelente producto, la conectividad, definici√≥n y sonido es excelente. Tiene algunas fugas de luz poco notorias pero es de esperarse por el precio. La recomiendo ampliamente."
B09WTPYGFF,5.0 de 5 estrellas,El producto muy bueno,"Ya he probado unos d√≠as el televisor y funcionan perfecto, buena calidad en la imagen, el sonido muy bueno, tiene todo lo que necesitas compatibilidad con HomeKit, Alexa, Google.El √∫nico detalle que pondr√≠a no tiene m√°s que ver con el producto si no con la paqueter√≠a o en los almacenes de Amazon, ya que la caja lleg√≥ con un ligero golpe, si bien esto no da√±√≥ la TV pero estar√≠a genial que Amazon o la paqueter√≠a cuide m√°s los productos"
B09WTPYGFF,4.0 de 5 estrellas,Buena por su precio,"Me lleg√≥ hace dos semanas y la he estado usando casi todos los d√≠as, su imagen es buena, el sonido tambi√©n, como la tv la uso en mi cuarto basta con 20 de sonido, pero tuve un peque√±o problema, en la esquina superior izquierda le sali√≥ un peque√±a fuga de luz, hay veces en las que no se ve, depende del √°ngulo, pero ah√≠ est√°, por eso le doy 4 estrellas, porque para llevar dos semanas no se me hace bueno que le salga eso, pero como a veces se ve y a veces no, pues no hago un drama, adem√°s me cost√≥ $4,800 as√≠ que tampoco me puedo quejar mucho, fuera de eso creo que es una gran opci√≥n calidad-precio"
B09WTPYGFF,5.0 de 5 estrellas,Buena compra,Es la segunda Hisense que compro üëçüèºLa interfaz es r√°pida y f√°cil de usar.La instalaci√≥n debe ser entre 2 personas.
B09WTPYGFF,5.0 de 5 estrellas,Excelente TV,Gran imagen y excelente sonido. Lleg√≥ en tiempo y en buenas condiciones. Ten√≠a una Hisense desde hsce a√±os y han salido muy bien. Muy recomendable por el precio.
B09WTPYGFF,5.0 de 5 estrellas,Muy buen producto,"Es r√°pida, tiene muy buena respuesta.La imagen es muy buena y vale la pena"
B09WTPYGFF,5.0 de 5 estrellas,Tv,Se ve muy n√≠tida y excelente precio gracias.
B09WTPYGFF,5.0 de 5 estrellas,IMAGEN Y SONIDO,ES MUY BUEN PRODUCTO GRACIAS TODO BIEN CUIDADO Y BUENA IMAGEN Y SONIDO.
B09WTPYGFF,5.0 de 5 estrellas,Todo lleg√≥ bien y en excelentes condiciones,"Es la primera vez que compro una pantalla en amazon, estaba nervioso pero todo en orden la pantalla muy bien y jalando al cien. Recomendado"
B09WTPYGFF,5.0 de 5 estrellas,Excelente decisi√≥n,"He de decir que ten√≠a mi dudas sobre ma televisi√≥n, pero al contrario, excelente imagen, el sistema operativo con Google hace todo mas sencillo, solo debes ingresar nuevamente a tus apps para que Google las recuerde y as√≠ en una sola pantalla se despliegan todas y al escoger la pel√≠cula te manda de forma directa en algunasRecomiendo esta TV si llega a estar nuevamente en promoci√≥n"
B09WTPYGFF,5.0 de 5 estrellas,Buena relaci√≥n calidad-precio,"Buena calidad en imagen, f√°cil de configurar, buen sonido"
B09WTPYGFF,5.0 de 5 estrellas,Ampliamente recomendable,"Sin duda fue una gran compra, la consegu√≠ por 13,499 y creo que por el precio no existe una mejor opci√≥n, la calidad de imagen es muy muy buena y el sistema operativo ayuda mucho a hacerla fluida, si tienen la oportunidad de conseguirla por un precio similar, no lo duden."
B09WTPYGFF,5.0 de 5 estrellas,Buen costo-beneficio,Da m√°s de lo que cuesta.
B09WTPYGFF,5.0 de 5 estrellas,Buena imagen,"Me gust√≥ la imagen y audio, sistema operativo muy r√°pido."
B09WTPYGFF,5.0 de 5 estrellas,Divina üëåüèª,"Estoy encantada con mi compra, en un principio tuve mis dudas por la marca, despu√©s record√© que compre una Samsung pantalla de cristal que dur√≥ menos que mi quincena üòÇüò¢ y se me pas√≥. Ahora tengo 22 d√≠as con mi Hisense y funciona de maravilla, f√°cil de utilizar y las im√°genes s√∫per padres üëåüèª"
B09WTPYGFF,4.0 de 5 estrellas,Cable de la corriente en conector tipo hembra no se sostiene por s√≠ solo.,"El producto lleg√≥ en buen estado, no obstante, al momento de conectar el cable de la corriente en la parte del conector tipo ""hembra"" no ajusta como debe hacerlo. Debo de sujetarlo para que encienda el televisor.No s√© si el cable es incorrecto o el espacio donde se conecta el televisor sea grande."
B09WTPYGFF,5.0 de 5 estrellas,Buena pantalla,"Excelente equipo, realmente vale la pena"
B09WTPYGFF,5.0 de 5 estrellas,El audio es fuerte no necesitas bocinas extra,Muy bueno  buenas imajenes muy buen donido
B09WTPYGFF,5.0 de 5 estrellas,Buen televisor,"Cumpli√≥ con mis expectativas, se ve m√°s grande de lo que imagine, los canales se ven asombrosos. F√°cil de configurar el Google tv, por la gama del televisor no se pod√≠a pedir m√°s"
B09WTPYGFF,5.0 de 5 estrellas,Muy bueno,Excelente producto buena resoluci√≥n y quede muy contento recomendable
B09WTPYGFF,5.0 de 5 estrellas,Exelente,Me encanto por su resoluci√≥n se mira muy bien y m√°s con el Xbox corre perfecto 120 fps y tambi√©n el 4k y por un buen precio
B09WTPYGFF,4.0 de 5 estrellas,SI me gusto pero...,"SI me gusto y me gusto mas su sistema operativo Google TV ya que tiene instalado desde fabrica el sistema google tv, si es bueno avec√©s si es medio lento al principio y mas cuando lo estas instalando y das de alta todo, hasta ahora se me gusto y me toco remplazarla y prob√© con esta para ver lo del Google tv ya que en mi caso yo tengo el Chromecast, aparte la interfase de pasar a google tv a televisi√≥n abierta es r√°pido ya que el streaming en vivo hay un retraso y en mi caso eso no me gustaba, el audio es bueno es pasable pero bueno, aparte todo esta en el control remoto. Tambi√©n si pude instalar aplicaciones como en el chromecast TV, ya que aqui como les comento el google tv ya esta instalado desde fabrica y en la tele no necesite nada. Pago  esta y al pareces si voy por otra mas grande ya que la que tenia era de 65 pulgadas"
B09WTPYGFF,5.0 de 5 estrellas,Precio,Excelente tecnologia por Precio.
B09WTPYGFF,5.0 de 5 estrellas,Funciona muy bien despu√©s de un mes,"Buena calidad de imagen, la velocidad del interfaz es buena (promedio), y el asistente de Google viene siendo un a√±adido excelente.  Lo recomiendo."
B09WTPYGFF,4.0 de 5 estrellas,Lleg√≥ bien pero con un detalle,La televisi√≥n lleg√≥ super r√°pido bien precio lo √∫nico malo es que lleg√≥ con un dellate se le ve una manchita negra en la pantalla
B09WTPYGFF,5.0 de 5 estrellas,Las 3B,Buena bonita y barata la agarr√© a muy buen precio y hasta el momento no ha presentado alg√∫n inconveniente en su funci√≥n como en su imagen
B09WTPYGFF,5.0 de 5 estrellas,Buena relaci√≥n calidad-precio,Excelente opci√≥n si la consigues por menos de 250 d√≥lares
B09WTPYGFF,5.0 de 5 estrellas,Excelente Smart TV,"Siempre he elegido est√° marca de TV por la calidad en audio y v√≠deo, es un art√≠culo muy recomendable."
B0C587FK1Z,5.0 de 5 estrellas,Excelente calidad de imagen,"Me sorprendi√≥ que haya llegado mucho antes de lo programado. La pantalla lleg√≥ en excellente condiciones. La estren√© viendo una pel√≠cula en 4k y fue una experiencia agradable. La calidad de imagen es de lo mejor que he visto. Dif√≠cilmente regresar√© a definicion est√°ndar.A√∫n falta calar la pantalla con consolas de √∫ltima generaci√≥n.Algo que me gustar√≠a se√±alar es que el armado de la base me gener√≥ un dolor de cabeza pues las instrucciones no eran muy claras y los tornillos dif√≠cilmente entraron, sin embargo con mucho cuidado y con un v√≠deo tutorial al final qued√≥."
B0C587FK1Z,5.0 de 5 estrellas,EXCELENTE EN TIEMPO Y FORMA,MUY RAPIDO EL ENVIO.
B0C587FK1Z,5.0 de 5 estrellas,"Incre√≠ble, otra experiencia","Realice mi pedido de esta tv por el buen precio en el que estaba y est√° sorprendentemente me llego en 3 d√≠as a mi domicilio por estafeta (‚ÄúCuando la fecha programada era hasta 9 d√≠as despu√©s de la compra‚Äù)Calidad de imagen:Es otra experiencia, la calidad de imagen es sorprendente, el brillo es fascinante, s√∫per brilloso pero curiosamente estos no son molestos a la vista en lo personal, Solamente impactante tanto en juegos, pel√≠culas, YouTube. Tiene 4 hdmi 2.1 a 120hz, freesync, g-sync, todo lo necesario para el futuro.Funciones y fluidez del sistema:El sistema operativo es muy fluido, las aplicaciones abren s√∫per r√°pido y sin ning√∫n problema soporta redes wifi de 5GHz, pero sin duda el mejor aspecto es la inclusi√≥n de Alexa, en ninguna otra tele que haya probado esta funci√≥n hab√≠a sido tan placentera como en esta, aunque el volumen est√© muy alto, Alexa responde perfectamente a todo lo que le digas, aqu√≠ realmente el usar el micr√≥fono para buscar algo en YouTube realmente sirve y es s√∫per √∫til.El control remoto no tiene muchos cambios pero es muy bueno y f√°cil de usar.Montaje de la tv:El montaje para ponerlo en la base es realmente sencillo sin muchas complicaciones pero de preferencia usen una cama o una mesa amplia para poner la tele boca abajo y que no haya alg√∫n accidente. Muy elegante la base, de ve muy premium y eleva considerablemente la tele lo que es genial en mi punto de vista visualmente.Conclusi√≥n:Si encuentras esta TV LG OLED C3 En 55 pulgadas por menos de $29,000 pesos mexicanos vale totalmente la pena y casi que compra asegurada, dejar√° a cualquier persona satisfecha, tanto gamers como cin√©filos."
B0C587FK1Z,5.0 de 5 estrellas,Perfectaüëåüèª,"La televisi√≥n si cumple con mucho de lo que menciona, y ha decir verdad me ha tenido bastante contento la calidad de la imagen, pero si lo que t√∫ buscas es tener una buena imagen sin algo tan detallado como esta, una televisi√≥n que tenga m√≠nimo 60hz es m√°s que suficiente, recomiendo mucho que sea de la marca LG üëåüèª"
B0C587FK1Z,5.0 de 5 estrellas,Un nuevo est√°ndar,"Los videos y juegos en HDR y Oled, son una experiencia increible para los entusiastas de los graficos, colores y texturas, hasta que no lo ves en persona no te das cuenta de lo exquisito que se ve, una vez que pruebas esto ya no puedes regresa. Si no es oled + hdr ya lo ves feo. Parece que las cosas las ves tras un cristal, puedes ver detalles de texturas y colores que antes no veias con otros televisores. Si eres exigente esto es lo que buscas, vale cada c√©ntimo."
B0C587FK1Z,4.0 de 5 estrellas,Buena calidad !,"Excelente hasta ahorita, pero esperaba mejor calidad de imagen de esta marca."
B0C587FK1Z,5.0 de 5 estrellas,Incre√≠ble calidad de imagen...,"Incre√≠ble calidad de imagen y muy fina en general el dise√±o de la pantalla, el control remoto podr√≠a√≠ ser mas fino y peque√±o acorde al dise√±o de la pantalla......."
B0C587FK1Z,5.0 de 5 estrellas,La mejor pantalla que he tenido.,"Sin duda alguna, puedo decir que es la mejor pantalla que he tenido. Es caro, si. Pero tambi√©n lo vale si te gusta ver peliculas, series, deportes y jugar videojuegos.Creo que es lo que todo mundo necesita para lograr disfrutar una experiencia de entretenimiento increible."
B0C587FK1Z,3.0 de 5 estrellas,muy linda y todo pero....,"La pantalla se ve genial pero a los 3 dias le salio una burbuja en el panel y paro lo delicado que son estos productos mejor la devolvi es una pena porque me gusto mucho, aclaro esa burbuja no es en el platico protector ya que ese si fue retirado.Pero apesar de todo lo volveria a comprar esperando no salga mal ya que la calidad de imagen en muy buena."
B0C587FK1Z,5.0 de 5 estrellas,Incre√≠ble smart tv oled a 120 hz,"Los colores se ven increibles, muy buen contraste, brillo muy alto, variedad de opciones para juegos üéÆ sin duda alguna la mejor compra!!"
B0C587FK1Z,5.0 de 5 estrellas,Fascinado,"Completamente nuevo y sellado, llego en excelentes condiciones me encanto realizar esta compra"
B0C587FK1Z,1.0 de 5 estrellas,Tinte rosa en pantalla,"YA AL MENOS DE HACE 3 A√ëOS A HOY QUE TODAS LAS OLED DE LG TIENEN MANCHAS ROSAS EN EL PANEL POR LOS MATERIALES QUE USAN PARA SU CONSTRUCCION, EN MAYOR O MENOR CANTIDAD, LA LLAMADA LOTERIA DE PANEL LG, SI DISTORCIONA LA IMAGEN EN  COLORES CLAROS COMO EL BLANCO, BEIGE, CREMAS, AMARILLOS, GRISES, PONGAN UN PATRON DE COLORES PARA DARSE CUENTA, EN CONTENIDO NORMAL PUEDE QUE NO LO NOTES PERO EN IMAGENES DE NIEVE POR EJEMPLO O DONDE LA PANTALLA ES DE MAYORMENTE LOS COLORES QUE MENCIONE LA IMAGEN SE VE MANCHADA POR ESOS TINTES ROSAS, TODAS LAS GENERACIONES DE PANEL EVO TIENEN EL MISMO PROBLEMA, NO IMPORTA SI SON LA C O LA G, ADEM√ÅS LA IMAGEN NO ES TAN FINA EN CONTENIDO QUE NO ES 4K, LLEVABA A√ëOS CON LG PERO DEBIDO A ESTO CAMBIE A SAMSUNG Y NADA QUE VER, MUCHO MEJOR EXPERIENCIA Y A MEJOR PRECIO, NO VOLVERE A LG HASTA QUE FABRIQUEN ALGO QUE NO TENGA ESE TIPO DE PROBLEMAS, LASTIMA QUE MI C8 SE DESCOMPUSO PORQUE SE VEIA MEJOR QUE LAS ACTUALES DE LG, PRUEBEN SAMSUNG Y VER√ÅN GRAN DIFERENCIA"
B0C588JRZ2,5.0 de 5 estrellas,C√°lidad precio,"Sin duda una buena inversi√≥n, su sonido es fabuloso y adaptable por IA"
B0C588JRZ2,5.0 de 5 estrellas,"Excelente TV, y el control remoto es Genial","Excelente equipo, estoy muy satisfecho"
B0C588JRZ2,5.0 de 5 estrellas,Excelente,"Llego sellado en √≥ptimas condiciones,  la calidad del sonido y video es genial . 10/10"
B0C588JRZ2,5.0 de 5 estrellas,Excelente Comora,"El precio fue excelente , m√°s barato que una tienda local , ten√≠a miedo de comprar una televisi√≥n de estas dimensiones en Amazon , pero la TV lleg√≥ en excelente estado y a tiempo , es un producto de calidad a un muy buen precio ."
B0C588JRZ2,5.0 de 5 estrellas,Precio y calidad,Despu√©s de probar otras marcas finalmente encontr√© esta pantalla de muy buena calidad y precio.Llego el d√≠a establecido y con personas muy amables que la entregaron en un 1er piso muy buen apoyo por el peso y tama√±o.
B0C588JRZ2,5.0 de 5 estrellas,Calidad en Imagen,"Todo perfecto, la calidad de imagen y sonido es perfecta. Llego en buen estado y sin ningun detalle."
B0C588JRZ2,5.0 de 5 estrellas,El mejor lugar para comprarlo es por Amazon,"No encontr√© otro lugar donde lo vendan a este precio, ni hablar comprarlo el tiendas de departamento y es exactamente igual. Ya he tenido varios antes y funciona bien."
B0C588JRZ2,5.0 de 5 estrellas,Llego antes de lo esperado y con caja sellada,"Excelente compra , tv con buenna imagen y sonido , incluye control Magic y varias aplicaciones"
B0C588JRZ2,5.0 de 5 estrellas,Excelente imagen,Se ve muy bien y estuvo en un excelente precio
B0C588JRZ2,5.0 de 5 estrellas,BUENA RELACION PRECIO VS CALIDAD,"BUENA IMAGEN, RESOLUCION Y SISTEMA OPERATIVO"
B0C588JRZ2,5.0 de 5 estrellas,Muy buena calidad,La imagen el dise√±o me encanta el sonido muy bueno aunque ya por seguir la onda del teatro en casa adquir√≠ la barra pero sinceramente por s√≠ sola es perfecta
B0C588JRZ2,5.0 de 5 estrellas,Una tele,Que le digo
B0C588JRZ2,5.0 de 5 estrellas,Muy buena calidad,Excelente pantalla
B0C588JRZ2,4.0 de 5 estrellas,Probable producto de exhibici√≥n.,"No tuve tema con que la caja me haya llegado sin uniceles de protecci√≥n pero s√≠ tuve gran problema con que no llegaron sus tornillos, los cuales son indispensables para ponerle su base. Y ojo, la caja se ve√≠a muy maltratada y sin uniceles, lo cual sospecho que era un producto de exposici√≥n."
B0C588JRZ2,5.0 de 5 estrellas,Buen producto,Lleg√≥ a tiempo y en buenas condiciones
B0C588JRZ2,5.0 de 5 estrellas,Super bien,Muy bonita compra es m√°s de lo que se esperaba
B0C588JRZ2,5.0 de 5 estrellas,Perfecto,Muy bien
B0C588JRZ2,5.0 de 5 estrellas,Excelente producto y muy buena calidad,Todo bien!! Falta probarlo pero al parecer todo est√° perfecto.  Muy buen producto. Lleg√≥ antes de la fecha estimada
B0C588JRZ2,5.0 de 5 estrellas,Excelente compra!,"Muy buena pantalla, con todas las aplicaciones incluidas que me gustan"
B0C588JRZ2,4.0 de 5 estrellas,"Muy buena pantalla, el problema es al escalar las im√°genes en HDR.",Parpadea mucho al escalar las im√°genes en HDR y despu√©s se ve la imagen como si estuviera da√±ada la pantalla.
B0C588JRZ2,4.0 de 5 estrellas,"Buen televisor, manejo del volumen raro y control remoto p√©simo","Estoy contento en general con el televisor, es delgado, se monta bien en la pared y la imagen es bastante correcta, yo veo mucho material de youtube y me parece que el procesador hace un buen trabajo al mejorar im√°genes pobres en calidad y desplegarlas en las 80 pulgadas del televisor de forma extraordinaria.Lo que a√∫n me desconcierta es la gesti√≥n del volumen, en ocasiones las voces son d√©biles y se pierden en el sonido de fondo de los programas, no he encontrado a√∫n el ajuste correcto para resolver este problema.Finalmente, en mi opini√≥n, el control remoto tiene muy mal dise√±o: es muy dif√≠cil realizar operaciones b√°sicas como subir y bajar el volumen en la obscuridad y usando solo el tacto. Es frustrante equivocarse tantas veces tratando de resolver el problema de las variaciones del volumen usando un control remoto tan poco intuitivo; tengo otros dos televisores de la otra marca Coreana y el control remoto es, por mucho, m√°s sencillo e intuitivo."
B0C588JRZ2,5.0 de 5 estrellas,Buena nitidez de imagen y volumen con buena calidad,"La pantalla tiene buena resoluci√≥n, buen sonido. El cambio entre aplicaciones es relativamente r√°pido y casi no tarda en ejecutar las Apps."
B0C588JRZ2,5.0 de 5 estrellas,Excelente TV,"Llego r√°pido, tiene muy buena resoluci√≥n, lo √∫nico es el control remoto, que al ser inteligente, te tardas un poco en saber usarlo,por lo dem√°s, le doy una excelente calificaci√≥n!"
B0C588JRZ2,5.0 de 5 estrellas,Calidad,"Tiempo de entrega excelente.. calidad de im√°genes muy buena, sonido bueno‚Ä¶ relaci√≥n precio calidad de 10"
B0C588JRZ2,4.0 de 5 estrellas,Compra medianamente buena,"Es una buena televisi√≥n, de buena marca, tiene todas las aplicaciones de stream, debido a que es 2023 su sistema operativo es nuevo y cuenta con una gran calidad de imagen.Los oscuros no son su mayor fortaleza, se logran ver algo opacas las orillas, supongo por el tama√±o de 65‚Äô. El 4K me parece muy b√°sico, creo que es posible conseguir una mejor tv con mejor definici√≥n al mismo precio, aunque tal vez no de la misma marca.Le pongo 4 estrellas porque tard√≥ mucho en llegar (m√°s de 2 semanas) y tambi√©n porque al encenderla not√© que ten√≠a un par de p√≠xeles muertos, tal cual se ve en la fotograf√≠a. Aunque esto no afecta en la imagen de la tv. Otra cosa que no me gusta, es sentir que mi TV con calidad HD se mira igual o al menos muy parecida a esta que es 4K. Algo que me gust√≥ mucho fue el magic control."
B0C588JRZ2,4.0 de 5 estrellas,"muy buena televisi√≥n, la √∫nica contra es el sistema","la televisi√≥n tiene una imagen muy buena y el sonido me gusta mucho la √∫nica contra es el sistema operativo es demasiado lento y se cuelga mucho, termin√© usando un fire stick para solucionar el inconveniente."
B0C588JRZ2,5.0 de 5 estrellas,Ecxelente Compra,"Todo bien ,el precio calidad del producto"
B0C588JRZ2,5.0 de 5 estrellas,Excelente pantalla,Es una pantalla excelente con buena calidad y buen sonido
B0C588JRZ2,4.0 de 5 estrellas,Se ve muy bien la imagen,Es poco tiempo pero se ve bien la imagen
B0C588JRZ2,5.0 de 5 estrellas,Excelente calidad de imagen,"Su sistema en f√°cil de entender y loas apps  le agregan m√°s capas para entretener, lo uso principalmente para jugar videojuegos y me fascin√≥ completamente."
B0C588JRZ2,5.0 de 5 estrellas,Excelente producto.,"Lleg√≥ en perfecto estado. Buena pantalla, en general todo bien."
B0C588JRZ2,5.0 de 5 estrellas,Estoy conforme,Estoy confirm√© pero creo que pude haber seleccionado algo mucho mejor en caracter√≠sticas.
B0C588JRZ2,4.0 de 5 estrellas,Buena pantalla con impuntualidad en el env√≠o.,"Lleg√≥ sin mucha advertencia, mucho antes de lo avisado. No estuve presente para recibirlo a altas horas de la tarde-noche. Lo regresaron sin intentar reenviarlo al d√≠a siguiente.Fue muy decepcionante porque era para un depto. en renta y los hu√©spedes esperaban tener la pantalla anunciada.Tuve que comprarlo 2 veces y esperar primero, el reembolso y luego, que llegara el segundo env√≠o el cu√°l, tard√≥ m√°s y lleg√≥ con la caracter√≠stica impuntualidad.El sistema operativo es lento pero funcional. La pantalla se ve muy bien y tiene muchas funciones inteligentes. El sonido es tambi√©n muy bueno."
B0C588JRZ2,5.0 de 5 estrellas,Muy buena compra,Fue una excelente compra y entrega.
B0C588JRZ2,5.0 de 5 estrellas,Muy buena,"La pantalla est√° muy bien, la verdad ten√≠a mis inquietudes porque nadie la hab√≠a adquirido antes, ahorita ya la prob√© puedo decir que es una pantalla a buen precio, tiene diferente modos de audio y visualizaci√≥n entre otras cosas, tiene las plataformas digitales esenciales, las dem√°s las puedes descargar en la app (HBO si tiene)Ojo, si la tienen en alg√∫n cuarto alejado del modem donde la recepci√≥n de wifi no es tan buena y los muros algo gruesos probablemente a la hora de cargar los videos o pel√≠culas si va ver afectado, la pantalla est√° en el segundo piso y el m√≥dem est√° en el primero, pero teniendo un repartidor funciona de maravilla"
B0C588JRZ2,4.0 de 5 estrellas,Excelente,Me encant√≥ solo no reconoce de inmediato la opci√≥n de voz y el control s√∫per sensible
B0C588JRZ2,5.0 de 5 estrellas,buen acabado,"Se recibi√≥ lo esperado, tiene buena definici√≥n, estoy complacido."
B0C588JRZ2,5.0 de 5 estrellas,Excelente calidad de imagen,"Muy contento con mi nueva TV, tiene un sonido bastante potente, la calidad de imagen es muy buena , la interfaz es bastante amigable y trae tambi√©n su control, lo recomiendo,. compr√© la de 50""La est√©tica de la TV me gust√≥ mucho, se mira y siente de calidad"
B0C588JRZ2,4.0 de 5 estrellas,Gran pantalla a buen precio,"La temperatura de los colores y el dinamismo del m√°gico control son muy buenos. Si quieres jugar o solo ver una pel√≠cula me parece una opci√≥n magn√≠fica. Como la mayor√≠a de pantallas, su punto d√©bil es el sonido. De ah√≠ en fuera, si la agarras en oferta es un gran deal."
B0C588JRZ2,4.0 de 5 estrellas,Buena calidad.,"Es un televisor de buena calidad, no se compara con uno de gama alta pero es exelente para su uso b√°sico.Lo √∫nico malo es su control no me gust√≥ para nada deber√≠a ser como el de los televisores de gama alta, fuera de eso todo est√° bien."
B0C588JRZ2,5.0 de 5 estrellas,buen producto,"un producto muy buena, lo recommiendo!"
B0C588JRZ2,5.0 de 5 estrellas,Excelente producto. Lo recomiendo,"Excelente imagen, buen producto, llego antes de lo esperado y en buen estado"
B0C588JRZ2,5.0 de 5 estrellas,Excelente pantalla,"Excelente pantalla, muy buena resoluci√≥n y es una maravilla para jugar videojuegos y ver pel√≠culas.El volumen de preferencia hay que subirlo arriba de 20 para que se oiga bien.Estoy fascinado con la pantalla."
B0C588JRZ2,5.0 de 5 estrellas,El mejor equipo que he tenido hasta ahora,"Me encant√≥,  el ofreci√≥ es muy bueno y la calidad de la pantalla es muy fiel, ha sido mi favorita hasta ahora de las pantallas que he tenido que han sido 3"
B0C588JRZ2,4.0 de 5 estrellas,Cumple,"Cumple, no es extraordinaria"
B0C588JRZ2,5.0 de 5 estrellas,Buena,Es buena para el precio
B0C588JRZ2,5.0 de 5 estrellas,Est√° excelente,Muy buena definici√≥n y el sonido est√° s√∫per... Las aplicaciones f√°cil de instalar.
B0C588JRZ2,3.0 de 5 estrellas,Es buena,Es buena pantalla se ve muy bien ojal√° tuviera Google tv como lo dice en el anuncio que es compatible pero no aunque si puedes descargar la mayor√≠a de apps si es un buen producto de muy buena calidad y el control que trae es genial
B0C588JRZ2,1.0 de 5 estrellas,La caja y la pantalla estaban rotas,"Me hubiera gustado tener esta televisi√≥n, pero no lleg√≥ en buen estado. Hubo un r√°pido reembolso , lo que agradezco, pero, ¬øy la garant√≠a? Me hubiera gustado tener un reemplazo del producto en lugar del reembolso."
B0C588JRZ2,2.0 de 5 estrellas,"La calidad precio., con cuidado ‚ö†Ô∏è si la manda por estafeta sali√≥ con led fundidos M√©xico",La verdad recomiendo el televisor pero estafeta mando mi caja da√±ada y Amazon ya no contesto nada 2 televisores compr√© y est√° ven√≠a bien da√±ada
B0B148FR2J,5.0 de 5 estrellas,Buena,Buena televisi√≥n m√°s por el precio lo compr√© en descuento y sali√≥ de maravilla
B0B148FR2J,4.0 de 5 estrellas,Buena opci√≥n,"No es la mejor resoluci√≥n, si es 720p nativos. Pero te puede dar 1080p reescalados lo cual no se ve mal, despu√©s de hacer unos ajustes en la pantalla se mira bien en pel√≠culas y juegos, esta la compre para jugar en mi consola xbox one y Nintendo switch y la verdad me gusta como se ve, a su precio y lo que ofrece la verdad no nada mal, muy recomendada y por cierto el sonido üëå, si buscas algo barato es muy buena opci√≥n!"
B0B148FR2J,4.0 de 5 estrellas,TV b√°sica a 720p no m√°s,"La pantalla es muy b√°sica lo cual se entiende por el precio, la resoluci√≥n si se llega ver baja cuando est√°s cerca de la TV, ya montada en la pared a cierta distancia se ve aceptable, sorprende lo ligera que est√° y los materiales son los m√°s sencillos, pero para una habitaci√≥n peque√±a queda bien, considerar que se tiene que colocar alg√∫n stick o tv box ya que no es smart as√≠ que no podr√°s usarla para streaming directamente"
B0B148FR2J,5.0 de 5 estrellas,Excelente producto precio-calidad,Buen producto por el precio y para mis necesidades estuvo excelente.No es un SMAR-TV
B0B148FR2J,5.0 de 5 estrellas,Muy bien,Muy bien
B0B148FR2J,5.0 de 5 estrellas,Buen producto calidad y precio,Estoy satisfecho con el producto
B0B148FR2J,5.0 de 5 estrellas,"Por el precio no me quejo , hasta el momento funcionando perfectamente",Precio y buen sonido
B0B148FR2J,4.0 de 5 estrellas,Buen producto,"Bien producto lleg√≥ enseguida, estaba muy bien empaquetado y sin ningun da√±o ni est√©tico ni de funcionamiento"
B0B148FR2J,5.0 de 5 estrellas,Buena imagen,"Encontr√© esta pantalla por econ√≥mica y result√≥ muy buena, en imagen, sonido y se puede programar para apagarse sola"
B0B148FR2J,4.0 de 5 estrellas,Por el precio est√° bien,"Para ser una televisi√≥n est√° bien, no tiene la mejor calidad en imagen, la compr√© para ponerla de monitor de PC por qu√© lei un comentario y aunque si funciona como monitor, no es muy c√≥modo su uso para ese prop√≥sito, termin√© us√°ndola c√≥mo lo que es una televisi√≥n, no es smartv pero tengo un firestick y con eso funciona perfectamente como TV"
B0B148FR2J,5.0 de 5 estrellas,Perfecta,La compr√© para m√≠ set up y la verdad es que se ve de lo mejor no le pude nada a muchas
B0B148FR2J,5.0 de 5 estrellas,buena imagen y magnifico precio,muy buen producto de precio bajo y aceptable calidad de imagen y sonido
B0B148FR2J,5.0 de 5 estrellas,Buenas bonitas y baratas,Muy buenas
B0B148FR2J,5.0 de 5 estrellas,Tv,Muy buena tv por el precio vale la pena
B0B148FR2J,5.0 de 5 estrellas,Excelente producto por el precio!,"Estoy fascinado!  Me encant√≥ por el precio y que f√°cilmente puedes conectarle un chrome cast, un apple tv o un Fire stick (seg√∫n tu gusto) y no te pierdes entre sistemas operativos‚Ä¶ ojal√° hubiera esta opci√≥n en TVs mas grandes"
B0B148FR2J,4.0 de 5 estrellas,Muy bien producto,"El producto tiene buena calidad de imagen, el tama√±o es ideal para una sala peque√±a."
B0B148FR2J,5.0 de 5 estrellas,Calidad de imagen,"Cuenta con dos entradas HDMI, USB, excelente calidad de imagen ideal para usarse como monitor, se conecta un chromecast funciona perfectamente."
B0B148FR2J,4.0 de 5 estrellas,Esta buena,"Esta bien, no es smart"
B0B148FR2J,5.0 de 5 estrellas,Buena tv,"Quer√≠a un monitor de 32 pulgadas y fue la mejor opci√≥n, nunca la use como tv"
B0B148FR2J,5.0 de 5 estrellas,Excelentes condiciones,"La telvisi√≥n es fiel a lo que se describe. Lleg√≥ en perfectas condiciones y muy r√°pido.NO es una smart tv, por eso el precio tan bajo, pero es el adecuado.La calidad y el sonido de la pantalla es muy buena."
B0B148FR2J,5.0 de 5 estrellas,excelente inversion en relacion a calidad y precio,"La compre con oferta y no me arrepiento para nada, me gustan las televisiones simples y sin conexion mas alla de las necesarias, para alguien que busca lo basico es de lo mejor a encontrar sin exceder presupuestos"
B0B148FR2J,4.0 de 5 estrellas,buen producto,cumple con lo que promete
B0B148FR2J,4.0 de 5 estrellas,precio justo.,"El producto cumple con las especificaciones tal cual viene en la descripci√≥n, tanto la calidad de imagen como  sonido, el producto me llego apenas hoy y despues de una pruebas comprob√© su funcionamiento, en mi caso  el uso es un monitor secundario por lo cual al ser solo hd si estas acostumbrado a pantallas con mas resoluci√≥n la diferencia de calidad es notable, no es mala pero el salto de hd a full hd es notorio ya que la pantalla en si no es 1920 x 1080 pero en ning√∫n momento el articulo enga√±a con los datos t√©cnicos, no pongo 5 estrellas por que aun falta ver como se comporta en unas semanas, pero cumple perfectamente con la descripci√≥n, otro detalle es que no tienen muy buena compatibilidad con el control remoto de Xiaomi ya que reconoce la acci√≥n pero no la realiza pero el control remoto funciona perfectamente es solo en caso de querer tener esa opci√≥n no viene dentro de las funciones especificas del producto es cuesti√≥n de compatibilidad extra."
B0B148FR2J,5.0 de 5 estrellas,Pantalla 32 pulgadas,Est√° muy bien la pantalla no tiene Smart pero para m√≠ uso est√° s√∫per bieny por el precio m√°s
B0B148FR2J,4.0 de 5 estrellas,Bueno,"Valor presio esta excelente, f√°cil de configurar"
B0B148FR2J,5.0 de 5 estrellas,Muy buena compra,"La compre para aprovechar un Roku, tiene buena imagen y es sencilla de usar, con poco consumo de energ√≠a y muy ligera lo que me sorprendio, es un producto que recomiendo."
B0B148FR2J,5.0 de 5 estrellas,TV B√°sica pero para lo que buscaba suficiente!!,Me gusta el producto por que es econ√≥mica tiene hdmi con la cual le conecte un fire stick para hacerla smart.  La compre para mi ni√±a la use. Resolv√≠ el problema de no tenerle una tv en el cuarto de mi hija. Hasta ahorita buena tv.
B0B148FR2J,5.0 de 5 estrellas,Buena  calidad de imagen,"me gusto lo practico del tama√±o, ya que puede colocar en cualquier lugar, la calidad de la imagen es bastante buena."
B0B148FR2J,5.0 de 5 estrellas,Super bien,"La Tv es justo lo que estaba buscando em cuestion de calidad precio, me anime a comprarla porque solo la quiero para jugar con mi xbox, entonces es mas que suficiente para poder tener unas tardes de juego y si quiero reproducir algo multimedia igual uso la xbox para cualquier plataforma de stream."
B0B148FR2J,3.0 de 5 estrellas,"Bien, pero ...","Por el precio no esperaba algo incre√≠ble y la verdad es que en im√°gen se ve bastante bien, pero en sonido es horrible, se escucha como hueco"
B0B148FR2J,5.0 de 5 estrellas,muy buen equipo listo y trabajando,justo lo que necesitaba mejor que un monitor en precio y calidad..... muy recomendable
B0B148FR2J,5.0 de 5 estrellas,Excelente producto,Justo lo que necesitaba para mis clases en l√≠nea de ajedrez
B0B148FR2J,4.0 de 5 estrellas,Saca de un apuro,"Su audio y calidad de imagen son de regulares a bajas, pero por el precio es comprensible"
B0B148FR2J,5.0 de 5 estrellas,Excelente pantalla,"Excelente pantalla basica, todo llego bien."
B0B148FR2J,5.0 de 5 estrellas,Precio,Relaci√≥n calidad - precioFunciones b√°sicasBuen sonido
B0B148FR2J,5.0 de 5 estrellas,Buen precio,"La TV cumple bien su funci√≥n. No es 4k y no es hd, pero el precio es bueno respecto a su tama√±o. Si buscas una buena imagen para una pc, podr√≠as considerar otra opci√≥n. Yo la uso como monitor en la pc y funciona muy bien."
B0B148FR2J,4.0 de 5 estrellas,Calidad standar en la imagen pero por el precio lo vale,Buen tama√±o calidad de imagen standar pero por el precio vale mucho la pena el control es bastante f√°cil de usar y c√≥modoLo √∫nico que podr√≠a decir que falla es el sonido solo tiene una bocina a un costado de la pantalla y tiene que estar arriba del 10 para que tengas un buen audio
B0B148FR2J,5.0 de 5 estrellas,Acorde al precio,"Es una pantalla b√°sica, por el precio es perfecta, no tengo quejas hasta el momento"
B0B148FR2J,5.0 de 5 estrellas,Me encanto,Basica realmente buena üëç
B0B148FR2J,5.0 de 5 estrellas,Buena compra,"Buen producto, buen precio, no pesa nada, lo recomiendo"
B0B148FR2J,4.0 de 5 estrellas,Art√≠culo aceptable,"Me gust√≥ que se ve y oye, muy bien; sencillo de utilizar. Muy n√≠tida imagen.Quiz√° podr√≠a ser de un precio m√°s barato en un 15 por ciento."
B0B148FR2J,2.0 de 5 estrellas,Es un producto es deficiente,"No es una smart tv, es una pantalla de conexiones viejas.No es lo que esperaba, ni si quiera tiene you tube"
B0B148FR2J,5.0 de 5 estrellas,Excelente,Tal cual lo describe el producto
B0B148FR2J,5.0 de 5 estrellas,Calidad y precio,Muy buena recepcion h calidad de imagen y sobre todo excelente precio
B0B148FR2J,5.0 de 5 estrellas,Cumple bien,La tv lleg√≥ en tiempo y forma.Fue para un regalo
B0B148FR2J,4.0 de 5 estrellas,Pantalla facil de usar pero con muy pocas opciones de uso,"Pocos mandos, no se puede utilizar muy bien con el Alexa"
B0B148FR2J,4.0 de 5 estrellas,"Para el precio est√° bien, no es la gran cosa pero cumple su su prop√≥sito",Las entradas VGA est√°n algo mal ubicadas pero igual sirven
B0B148FR2J,5.0 de 5 estrellas,Buena relaci√≥n costo- beneficio,Muy Buen producto por el precio.
B0B148FR2J,5.0 de 5 estrellas,Muy Buena imagen,"A pesar de ser una tv muy b√°sica,tiene. Muy buena resoluci√≥n y muy bien sonido üëåüèº"
B0B148FR2J,4.0 de 5 estrellas,buen producto,buen producto!!
B0BKTX65NY,5.0 de 5 estrellas,Excelente,Muy buena resoluci√≥n y precio
B0BKTX65NY,4.0 de 5 estrellas,Buena opci√≥n para trabajar y ver la tele,"Muy buena la calidad por el precio, la imagen no es muy n√≠tida pero est√° excelente para el monto."
B0BKTX65NY,5.0 de 5 estrellas,Excelente opcion,"Excelente producto.Versatil, pr√°ctico y funciona perfecto."
B0BKTX65NY,4.0 de 5 estrellas,muy bien,Apenas la empece a utilizar solo que le pongo Memoria de musica y no la lee
B0BKTX65NY,4.0 de 5 estrellas,El material es muy delgado,No me gusta que se calienta mucho el televisor
B0BKTX65NY,4.0 de 5 estrellas,A√∫n probando,Lleg√≥ en tiempo y bien pero no trae manual ni los tornillos de las patas
B0BKTX65NY,4.0 de 5 estrellas,Llego bien,Funcional
B0BKTX65NY,3.0 de 5 estrellas,Rese√±a,El producto cumple lo requerido aunque es muy b√°sico y muy gen√©rico su sistema operativo (similar al de un televisor barato marca Polaroid).  No es smart.  La reproducci√≥n del DVD es buena.
B0BKTX65NY,5.0 de 5 estrellas,Buen producto.,Excelente calidad. Puedo ver las pelis que quiera por su lector de CD y adem√°s me sirve de monitor
B0BKTX65NY,5.0 de 5 estrellas,excelente producto,me gusto para mi computadora y cuando no la uso veo la tv o pongo pel√≠culas
B0BKTX65NY,5.0 de 5 estrellas,Excelente,"Tengo tiempo us√°ndola y funsiona muy bien sin problemas, la calidad de imagen es muy buena"
B0BKTX65NY,2.0 de 5 estrellas,"OJO, No es una Smart TV","se compro por que era una smart tv, OJO, en la caja aun dice que es una smart tv pero esto es equivocado"
B0BKTX65NY,5.0 de 5 estrellas,BBB,"Buena calidad, buena imagen y sonido, diferentes entradas de video, salida de audio aux y digital, buen producto."
B0BKTX65NY,5.0 de 5 estrellas,uena pantalla,"llego a tiempo, buena pantalla, y para lo que sirve est[a bien, era reacondicionado pero buen producto"
B0BKTX65NY,5.0 de 5 estrellas,Excelente,"Funciona perfectamente, me pareci√≥ excelente el precio y el tama√±o de la pantalla. Lo recomiendo"
B0BKTX65NY,5.0 de 5 estrellas,Me encanto,Muy buena ya est√° instalada
B0BKTX65NY,5.0 de 5 estrellas,"Es igual que una nueva, no se ve diferencia alguna","A√∫n cuando comentan que es regresada, no lo parece. Para m√≠, fue como si fuera nueva"
B0BKTX65NY,5.0 de 5 estrellas,La entrega con rapidez,Todo excelente
B0BKTX65NY,5.0 de 5 estrellas,Exelente,s√∫per recomendada
B0BKTX65NY,5.0 de 5 estrellas,Estoy satisfecho con la compra,"Es una pantalla simple de operar, ideal para un espacio donde no se requiere gran calidad de imagen."
B0BKTX65NY,5.0 de 5 estrellas,Excelente producto!,"Cumple con lo requerido, excelente funcionamiento y calidad de video y DVD, ideal para espacios peque√±os y practicos, muy recomendable"
B0BKTX65NY,5.0 de 5 estrellas,Excelente producto,"Esta muy bien para la habitaci√≥n de un ni√±o, a muy buen precio, se escucha bien y lleg√≥ en perfecto estado. √âl control no tiene pilas pero el precio es justo, se ve bien y el DVD funciona bien, si no terminan de ver una pel√≠cula se queda en el punto donde se qued√≥. Lleg√≥ en el tiempo estimado. Los canales de TV abierta se ven bien y los encontr√≥ r√°pido."
B0BKTX65NY,No rating,720p tv 1080p monitor.,
B0BKTX65NY,No rating,Awesome,
B0BKTX65NY,No rating,It's only 720p,
B0BKTX65NY,No rating,Good tv,
B0BKTX65NY,No rating,Return policy,
B0BKTX65NY,No rating,Worth the price.,
B0BKTX65NY,No rating,Great inexpensive TV.,
B0BKTX65NY,No rating,Nice TV if it worked,
B0BKTX65NY,No rating,"tv westinghouse 32""",la descripcion del producto adquirido: Westinghouse Full HD LED Smart TV (Renovado)resolucion 1080pero el envio no concuerda con la compralo que ofrecen en la pagina de amazon debe ser despachado con las misma caracteristicassaludos cordiales
B0BKTX65NY,No rating,Good deal,
B0BKTX65NY,No rating,Tv,
B0BKTX65NY,No rating,Resolution is great,
B0BKTX65NY,No rating,This sucks,
B0BKTX65NY,No rating,Remote will not turn on the tv,
B07V392Z8K,4.0 de 5 estrellas,Buena compra,"La imagen se ve bien, el audio no se escucha tan bien hasta que tu le mueves a los ajustes y no tiene entrada auxiliar para conectarle bocinas pero funciona perfectamente y cumple su funci√≥n. Es una buena tele para lo que cuesta."
B07V392Z8K,5.0 de 5 estrellas,Excelente precio producto,Muy bueno por el precio
B07V392Z8K,5.0 de 5 estrellas,Gran producto a un gran precio,Gran producto a un precio s√∫per bueno. La pantalla funciona como nueva y con muy buena calidad. Recomendada 100%
B0BZFWS4VS,1.0 de 5 estrellas,P√©sima compra te dan un modelo de control de tv antiguo,"Pesima calidad del embalaje, la caja estaba cubiertaCon protecci√≥n de pantalla tcl y la compra es de Samsung p√©sima y trist√≠sima forma en que envuelven las productos s√∫per seguro que en el env√≠o se rompen"
B0BZFWS4VS,1.0 de 5 estrellas,Excelente,Tv
B0BZFWS4VS,1.0 de 5 estrellas,"No lo compren, vino rota, no sirve","vino en p√©simo estado con otra caja que no era la original, no vale la pena"
B0BZFWS4VS,5.0 de 5 estrellas,Exelente tele,Exelente tele
B0817H41YN,No rating,An amazing OLED panel makes up for poor design & UI,
B0817H41YN,No rating,"You will need 2 people, a table, a power drill, and blankets",
B0817H41YN,No rating,Great TV so far,
B0817H41YN,No rating,Not as amazing as most people claims.,
B0817H41YN,No rating,Excellent picture. Pretty bad audio.,
B0817H41YN,No rating,The best 4k TV that I ever bought,
B0817H41YN,No rating,What are you waiting for?,
B0817H41YN,No rating,"CX 77""",
B0817H41YN,No rating,Amazing TV -- great purchase,
B0817H41YN,No rating,Top tier picture and performance,
B0817H41YN,No rating,Fantastic picture quality and gaming OLED TV - Subpar software,
B0817H41YN,No rating,Amazing TV with amazing picture quality.,
B0817H41YN,No rating,Great TV - Surround Sound Problem Resolved,
B0817H41YN,No rating,Awesome TV!,
B0817H41YN,No rating,Failed after 9 months. LG replaced the panel quickly and easily.,
B0817H41YN,No rating,"Great TV, Horrible Delivery from Amazon",
B0817H41YN,No rating,GOOD QUALITY WORTH THE MONEY,
B0817H41YN,No rating,Nice but a flaw,
B0817H41YN,No rating,Fantastic Image; questionable privacy and excessively thin upper half,
B0817H41YN,No rating,TV BEAST!,
B0817H41YN,No rating,PC GAMES are incredible,
B0817H41YN,No rating,Wow what an incredible tv !!!,
B0817H41YN,No rating,replaced gaming/work monitor,
B0817H41YN,No rating,Incredible Picture after Calibration,
B0817H41YN,No rating,"If you're considering it, just buy it.",
B0817H41YN,No rating,Great TV with minor drawbacks,
B0817H41YN,No rating,Don't expect to stream HBO Max on this TV!,
B0817H41YN,No rating,Picture quality really good but difficult to manage and audio is fair.,
B0817H41YN,No rating,Great quality tv A+ I would definitely recommend it!,
B0817H41YN,No rating,Great TV but missing apps!,
B0817H41YN,No rating,LG warranty: does it really exist?,
B0817H41YN,No rating,Is one piece of paper too much to ask?,
B0817H41YN,No rating,Amazing with a few flaws,
B0817H41YN,No rating,"Fantastic picture and HDR, great for gaming.",
B0817H41YN,No rating,Picture is all we could hope for.,
B0817H41YN,No rating,The best TV I've ever had in my life,
B0817H41YN,No rating,Awesome TV,
B0817H41YN,No rating,Incredible TV with one minor flaw,
B0817H41YN,No rating,This TV is amazing.,
B0817H41YN,No rating,"At first hesitant, but then so glad I purchased this LG OLED ThinQ",
B0817H41YN,No rating,Burn in. (Update),
B0817H41YN,No rating,Fantastic as a display,
B0817H41YN,No rating,Great TV but my soundbar will not work with this model,
B0817H41YN,No rating,Best picture of any television I have ever owned.,
B0817H41YN,No rating,Great TV overall with a few annoying bugs,
B0817H41YN,No rating,Best TV I‚Äôve ever owned.,
B0817H41YN,No rating,A fantastic tv only held back by its smart features,
B0817H41YN,No rating,dream television,
B0817H41YN,No rating,Solid LG TV,
B0817H41YN,No rating,"Flickering, 10-Bit no working, 2.1 Throttled to 40Gbps",
B08X9QC1RZ,5.0 de 5 estrellas,Buen producto,"Buen producto de acuerdo al precio, tiene Roku y eso es un plus para una pantalla peque√±a."
B08X9QC1RZ,4.0 de 5 estrellas,Bien,Bien
B08X9QC1RZ,5.0 de 5 estrellas,Un producto exelente estoy muy contento  y satisfecho,Muy f√°cil de entender  y la calidad  exelente
B0BYTJTF1R,5.0 de 5 estrellas,Tv ok,Productos solicitado buen empaqueSolo que nunca funcion√≥ el control remoto
B0BYTJTF1R,2.0 de 5 estrellas,Producto promedio,"El producto est√° bien,  pero facturar los pedidos.... el vendedor te la complica bastante, te hace perder mucho tiempo, ganando por su parte d√≠as sobre todo a fin de mes, hay que enviarles la informaci√≥n varias veces y si es cerca de fin de mes.... chao factura y ya no puedes deducir tus gastos, me parece p√©simo y afecta mis derechos como contribuyente.Te advierte que si la factura sale mal, con esa te quedas y punto, no la van a cambiar, cuando tengo todo el derecho de pedir una correcci√≥n."
B0C7FK1P58,5.0 de 5 estrellas,Excelente,"Siempre tuve ganas de una pantalla y me gust√≥ mucho este producto y a buen precio, de ve muy bien, el sonido es fuerte, me gusto bastante, lleg√≥ antes de lo esperadoüëèüëèüëèüëèüëè"
B0C7FK1P58,5.0 de 5 estrellas,Excelente,"Est√° muy bien por el precio, no es lo m√°s top pero cumple con lo que promete, es buena"
B0C7FK1P58,5.0 de 5 estrellas,Buena calidad / precio,"////Disclaimer: tengo poco tiempo con el producto////La televisi√≥n es una gran compra en este 2023.Su panel Qled se siente con colores muy brillantes y bastante bien logrados sin ser sobresaturados. Sin duda *No se compara con una OLED* pero, no est√°n en la misma categor√≠a.El sistema Google TV funciona de maravilla sobretodo si ya est√°s en todo el ecosistema de Google (contrase√±as a un solo clic).Dolby Vision y Micro Dimming hacen que tu experiencia de video sea muy agradable al mirar pel√≠culas de plataformas de streaming.10/10 por El precio, calidad y sistema."
B0C7FK1P58,5.0 de 5 estrellas,Muy buena,"El envi√≥ en tiempo, la caja un poco maltratada, pero lleva 2 semanas funcionando muy bien."
B0C7FK1P58,4.0 de 5 estrellas,Desconexi√≥n de internet,"El televisor es bueno si no eres muy exigente, funciona de buena manera y el sistema operativo aveces va un poco lento, pero es muy raro, algo que si le encontre, es que si el televisor es desconectado de la corriente, o hay alguna subida y bajada de luz, el wifi de la televisor se ""buguea"" deja de funcionar, el televisor te dice que no hay apesar de que si lo hay, dice ""conexion limitada"" ya es la 5ta vez que me sucede, y la unica soluci√≥n es reiniciar por completo el televisor de fabrica y volver a configurarlo, esto es estresante, y no se puede hacer mucho, ese es el problema que le encontre, de ah√≠ en mas si buscas algo con una gama de color media y no muy luminosa esta es una buena opcion, recomiendo conectarla con cable ethernet de ahi en mas, buen televisor ( cabe recalcar que yo cuento con un regulador de voltaje )"
B0C7FK1P58,5.0 de 5 estrellas,Incre√≠ble resoluci√≥n en la imagen,"La pantalla se ve muy n√≠tida, tiene buenos colores"
B0C7FK1P58,5.0 de 5 estrellas,Calidad,Me gusta que es una Google TV y los canales de TCL
B0C7FK1P58,5.0 de 5 estrellas,Excelente producto,Cumple con lo ofrecido
B0C7FK1P58,5.0 de 5 estrellas,Excelente calidad,"Es un gran producto, f√°cil instalar aplicaciones y cuentas al utilizar Google Home, el sistema operativo se desempe√±a bien, la calidad de imagen es muy buena para el precio del producto, ideal para si lo que buscas es valor por tu dinero."
B0C7FK1P58,5.0 de 5 estrellas,Excelente pantalla,Excelente
B0C7FK1P58,2.0 de 5 estrellas,Decepcion... No la compren!,"Apenas me llego este dia 12-07-2023, la tv esta bien, segun es quantum dot modelo 2023 pero no se ve gran diferencia aun con dolby atmos y vision....Si eres de los que les gusta usar airplay y chromecast preparate para querer aventar la tv por la ventana porque no estan activados, te hacen bajar apps con publicidad para usarlos... es una enorme estafa, simplemente airplay no sirve no se ve, chromecast muy lento y nada usable.Compre la hisense para mi otro depa la uh6 y wow todo esta listo para usarse, no se necesita nada mas... Una imagen sorprendente y llena de claridad... esta TCL nada nuevo"
B0C7FK1P58,2.0 de 5 estrellas,"Buena imagen, pero poco brillo.","La televisi√≥n lleg√≥ r√°pido, todo bien al momento de sacarla pero nos dimos cuenta que ven√≠a rota de la parte trasera, pareciera ser que era un defecto de f√°brica, el d√≠a de empezar a probarla y quitar la pel√≠cula protectora nos dimos cuenta que ven√≠a con un golpe en la parte inferior izquierda, por lo cual tendr√© que hacer una devoluci√≥n. La imagen se ve definida pero tiene muy poco brillo a comparaci√≥n de la versi√≥n del a√±o pasado, el sistema operativo es lento pero cumple."
B0C7FK1P58,1.0 de 5 estrellas,NO SIRVE,No puedo entrar a ninguna aplicaci√≥n porque me sale que no tengo internet y mi internet si sirve incluso le conecte ethernet y ni as√≠.
B0C7FK1P58,1.0 de 5 estrellas,Se traba al configurarla,"No funciona, al querer configurarla la TV se traba y empieza a aparecer el logo de TLC parpadeando."
B0C7FK1P58,5.0 de 5 estrellas,Excelente compra,.
B0BCMKMMK1,5.0 de 5 estrellas,Excelente,Despu√©s de 4 a√±os de haberla comprado aun funciona s√∫per bien
B0BCMKMMK1,5.0 de 5 estrellas,Pr√°cticamente es un producto nuevo,"Ten√≠a mis dudas por las rese√±as que leia de productos refurbished y sobre todo de esta oantalla en diferentes publicaciones aqui en Amazon, pero me anim√© y grata sorpresa.Sobre la entrega de producto:- La pantalla llego al siguiente d√≠a por estafeta- Ven√≠a en su caja original- Todos los accesorios originales y completos (incluyendo manual)- Todas las protecciones y pl√°sticos de producto nuevo- Funcionando correctamente en todas las modalidadesSobre la pantalla en s√≠:TCL no es una marca muy reconocida (al menos no para mi), pero la calidad me dejo satisfecho.La utiliz√≥ en mi oficina como reemplazo para 2 monitores FHD, conectada a una PC donde trabajo y juego.Buena calidad de imagenSobre el tema del brillo que dicen que no es muy alto, la tengo en una habitaci√≥n con poca luz as√≠ que no representa problema para mi. Lo unico que s√≠ tiene es que el negro no es muy intenso, para escenas completamente negras se alcanza a ver una muy tenue luz y algo as√≠ como ""manchas"", como si tuviera un pl√°stico con burbujas de aire por la parte interior de la pantalla. De nuevo, solo es cuando hay una imagen 100% negra cubriendo toda la pantalla. En escenas de noche, con movimiento es imperceptible.La resoluci√≥n 4k es nativa y tiene buen escalamiento para resoluciones menores.La gama de colores dicen que no es muy amplia, oero para m√≠ est√° m√°s que perfecta.Cuando la ocupo para trabajar (programando) tengo suficiente espacio de trabajo para ver muchas ventanas y bastantes l√≠neas de codigo.Mis juegos no son muy demandantes de framerate, son del tipo simulador, pero gracias al tama√±o puedo cubrir con la vista m√°s terreno que con los monitores anteriores.En fin, s√© que los refurfished pueden ser como una suerte para que te toque un producto en buen estado o no, y en esta ocasi√≥n quiz√° fu√≠ afortunado y estoy muy contento con la compra"
B0BCMKMMK1,5.0 de 5 estrellas,Hermosamente perfecta.,"Es perfecta. Sab√≠a muy bien que como la televisi√≥n era renewed pues era b√°sicamente una ruleta rusa d√≥nde te puede llegar una televisi√≥n rota, defectuosa o con piezas faltantes, pero tambi√©n te puede llegar una televisi√≥n perfecta, con todas las piezas y literalmente nueva.Me sorprend√≠ que la televisi√≥n estaba pr√°cticamente impecable, no ten√≠a nada en la pantalla, ninguna marca de haber sido usada, ten√≠a todav√≠a puestos los pl√°sticos de los marcos y de los pies de esta, ten√≠a los instructivos y los tornillos, el control estaba impecable y el empaquetado era maravilloso.Lo ""√∫nico"" que tiene desperfecto es la caja, aunque es meramente est√©tico y t√∫ nunca vas a ver la caja.Por cierto, algo gracioso, estaba pensando en darle 4 estrellas porqu√© pensaba que los tornillos no estaban en el paquete y dije ""bueno, es renewed, algo as√≠ ten√≠a que suceder"" despu√©s de unas horas me di cuenta de que los tornillos estaban en una bolsita que estaba pegada a un pie de la televisi√≥n y me di√≥ mucha risa que no me hubiera dado cuenta xD.Tambi√©n decir que estuve al menos 1 hora tratando de registrarme en Roku, no es culpa de Amazon o de TCL, es culpa del sistema de Roku, as√≠ que las 5 estrellas se quedan intactas. xdQuisiera mencionar que aparte de lo que dije tambi√©n hay algo que no es cierto y el lo que viene en el t√≠tulo del producto que dice que es compatible con Alexa y Google Assistant, esto no es cierto, de ah√≠ en adelante todo bien."
B0BCMKMMK1,1.0 de 5 estrellas,No sirve.,"No pude abrir el empaque ya que yo me encontraba de viaje y llegu√© dos d√≠as despu√©s. Aunque me ocup√© el fin de semana tambi√©n y lo postergu√© hasta el lunes. S√≥lo saqu√© el televisor para cotejar que encendiera. Lo dej√© preparado para poderlo instalar porque pens√© que al encender ya estaba yo del otro lado. Sin embargo, el televisor se pasma. Le tom√© pic al control que viene un tanto golpeado. La pantalla tiene desperendida ligeramemte el display de la parte superior derecha. Al configurarlo para ingresar y ponerle la red wi-fi me, me manda que al instalarse la actualizaci√≥n se reiniciar√° el equipo. Sin embargo, se queda pasmado en la pantalla principal tal como lo muestro en fotos y videos."
B0BCMKMMK1,5.0 de 5 estrellas,Todo fue perfecto,"La verdad supero mis expectativas, hab√≠a le√≠do algunos comentarios buenos pero tambi√©n malos as√≠ que estaba nerviosa, la televisi√≥n llego en perfecto estado, con empaque original, sin ning√∫n detalle y funciona a la perfecci√≥n, accede bien a todas lasPlataformas por medio del control, la calidad de la imagen est√° excelente y el audio tambi√©n est√° perfecto. Para la habitaci√≥n en la que la tengo es perfecta en todos los sentidos. Y el precio es muy apropiado para la calidad considero que es una excelente compra."
B0BCMKMMK1,5.0 de 5 estrellas,Sorpresa del Hotsale,"La verdad es que sorprendido por la calidad de imagen con relaci√≥n al precio... Es la mejor opci√≥n comprada en hotsale por menos de 4,500 pesos... Vino como nueva, con todos sus pl√°sticos y todo, hasta consider√≥ que es nueva 100%... Ya veremos durante su uso como se comporta.."
B0BCMKMMK1,4.0 de 5 estrellas,Buena,Por el precio est√° bien la compra por lo que contiene pero la calidad si es algo barata y el control es de roku no tiene funciones directas
B0BCMKMMK1,5.0 de 5 estrellas,Excelente precio-calidad,"A pesar de los comentarios, me arriesgu√© y pues todo excelente sin ningun percance. Me decid√≠ por la de 43"" y fui de las personas afortunadas que no le salio con defectos la Tv. Pero tal vez tu seas el siguiente jeje"
B0BCMKMMK1,1.0 de 5 estrellas,Simplemente no puedo conectarla a internet.,"Este el tercer dispositivo Roku que tenemos en casa y es el √∫nico que no funciona, cuando configuramos la conexi√≥n wifi, me pide actualizar el software autom√°ticamente, sin embargo, al finalizar la actualizaci√≥n se queda trabada en la pantalla de inicio."
B0BCMKMMK1,5.0 de 5 estrellas,Sin problemas,Llego bien empacada no en el empaque original pero llego bien en perfecto estado con todos los accesorios y su control la entrega fue muy rapida y en general muy bien
B0BCMKMMK1,1.0 de 5 estrellas,Loop infinito de actualizaci√≥n de software,Tuve que devolverla ya que se queda estancada en un loop infinito de actualizaci√≥n de software. Prob√© todos los workarounds disponibles y no funcionaron. P√©sima experiencia con producto refurbished.
B0BCMKMMK1,3.0 de 5 estrellas,Ok,"No llego con cable de alimentaci√≥n el√©ctrica, lo dem√°s ok."
B0BCMKMMK1,5.0 de 5 estrellas,Lo mejor,Fue regalo y est√° s√∫per en precio calidad y rapidez de entrega
B0BCMKMMK1,5.0 de 5 estrellas,"Excelente producto, en buenas condiciones y de excelente calidad","Excelente producto, en buenas condiciones y de excelente calidad"
B0BCMKMMK1,5.0 de 5 estrellas,Buena oportunidad,"Ten√≠a alguna duda, pero estoy satisfecho con mi compra"
B0BCMKMMK1,1.0 de 5 estrellas,Se descompuso en s√≥lo dos horas.,"El mismo d√≠a que me lleg√≥ la prob√©, funcion√≥ de maravilla un par de horas y despu√©s de la nada se  trab√≥ a la mitad de una pel√≠cula y ya no quiso encender. Creo que esto de los productos Amazon renewed es como un bolado. Hay unos que se ve que no checan bien que funcionen."
B0BCMKMMK1,1.0 de 5 estrellas,Pesima conexion WIFI,"Se desconecta de internet a la menor provocacion y cada vez es mas recurrente el tener que estar reconectandola, asco de sistema"
B0BCMKMMK1,1.0 de 5 estrellas,"El producto ni funciona, desde el d√≠a 1 se dej√≥ de ver la pantalla.","Desde el d√≠a empez√≥ con fallas y se dej√≥ de ver la pantalla, no lo recomiendo."
B0BCMKMMK1,5.0 de 5 estrellas,Excelente tv smart!!!,"Yo compre esta pantalla con reservas porque en los comentarios hay quien dice que no les funcion√≥ bien. Pero a mi me ha pasado todo lo contrario.  De entrada les puedo decir que si es renovada, no se de donde porque no se  nota por ning√∫n lado. La calidad de la pantalla es muy buena y f√°cilmente la adapt√© al Internet de la casa. Quiz√°s podr√≠a decir que el sonido no es tan bueno, pero yo le compre una barra de sonido para subsanar esto"
B0BCMKMMK1,No rating,"It's perfect if you have a lot of streaming services, and works well with gaming consoles as well.",
B0BCMKMMK1,No rating,The only Negative...REMOTE CONTROL,
B0BCMKMMK1,No rating,It is a wonderful TV and u can do a lot with this TV,
B0BCMKMMK1,No rating,Love it !!,
B0BCMKMMK1,No rating,Great quality,
B0BCMKMMK1,No rating,Love the tv,
B0BCMKMMK1,No rating,Great tv,
B0BCMKMMK1,No rating,Bedroom TV,
B0BCMKMMK1,No rating,Easy set up,
B0BCMKMMK1,No rating,Great TV!,
B0BCMKMMK1,No rating,Were I can get the av adapter cord,
B0BCMKMMK1,No rating,No stand,
B0BCMKMMK1,No rating,Missing items in the box,
B0BCMKMMK1,No rating,It‚Äôs worth the price,
B0BCMKMMK1,No rating,Great buy,
B0BCMKMMK1,No rating,Wifi connection,
B0BCMKMMK1,No rating,Great,
B0BCMKMMK1,No rating,Great,
B0BCMKMMK1,No rating,It shows real simple is shows real good and it's all good,
B0BCMKMMK1,No rating,Good TV,
B0BCMKMMK1,No rating,Hl,
B0BCMKMMK1,No rating,4-star rating,
B0BCMKMMK1,No rating,"AUDIO NOT WORKING, CLICKING NOISE",
B0BCMKMMK1,No rating,Fast delivery,
B0BCMKMMK1,No rating,Good deal,
B0BCMKMMK1,No rating,Great T.V,
B0BCMKMMK1,No rating,Be aware of refurbished products.,
B0BCMKMMK1,No rating,I want a refund RIP OFF,
B0BCMKMMK1,No rating,Missing items,
B0BCMKMMK1,No rating,Be careful,
B0BCMKMMK1,No rating,Only network device in my home that won't connect to wifi,
B0BRBV8L6X,4.0 de 5 estrellas,Precio / Calidad,Obtienes lo justo por lo que pagas.
B0BRBV8L6X,5.0 de 5 estrellas,Excelente producto,"Bien embalado, en perfectas condiciones, sin detalles est√©ticos, a tiempo, funcionando sin error."
B0BRBV8L6X,5.0 de 5 estrellas,Pantalla  no reco.endabke,"Mi pantalla ya no se ve hoy 28 de mayo solo se escucha pero no se ve ,si alguien tiene o sabe si hay garant√≠a con proveedor se los agradecer√≠a mucho gracias"
